{"ranking/jaccard_weight":0.23343903650536207,"ranking/overlap_weight":0.2,"_wandb":{"runtime":102},"_step":1,"ranking/method":"hybrid","_timestamp":1.7829151400926363e+09,"evaluation/top_k":5,"ranking/cosine_weight":0.6810848335858266,"evaluation/ndcg":0.714002092330916,"system/runtime_sec":101.55424761772156,"evaluation/precision":0.6500000000000001,"evaluation/recall":0.24720899470899474,"_runtime":102}