{"_timestamp":1.7829204885904934e+09,"evaluation/recall":0.44473941798941796,"system/runtime_sec":103.70946550369263,"evaluation/ndcg":0.6036548883461772,"_wandb":{"runtime":104},"ranking/method":"hybrid","ranking/jaccard_weight":0.11580415796268416,"ranking/cosine_weight":0.4011184458654724,"evaluation/top_k":15,"_runtime":104,"ranking/overlap_weight":0.2,"_step":1,"evaluation/precision":0.42333333333333334}