{"ranking/cosine_weight":0.5520792267652421,"ranking/overlap_weight":0.2,"_timestamp":1.782919274041189e+09,"evaluation/precision":0.6500000000000001,"_runtime":100,"evaluation/ndcg":0.714002092330916,"_step":1,"evaluation/top_k":5,"ranking/jaccard_weight":0.11615689306311544,"_wandb":{"runtime":100},"evaluation/recall":0.24720899470899474,"system/runtime_sec":99.94123005867004,"ranking/method":"hybrid"}