{"evaluation/recall":0.24720899470899474,"evaluation/ndcg":0.714002092330916,"evaluation/top_k":5,"_wandb":{"runtime":105},"ranking/overlap_weight":0.2,"evaluation/precision":0.6500000000000001,"_step":1,"ranking/cosine_weight":0.6749737055480839,"_runtime":105,"ranking/jaccard_weight":0.2341802904257881,"_timestamp":1.7829150212030075e+09,"ranking/method":"hybrid","system/runtime_sec":104.93775200843811}