{"_wandb":{"runtime":99},"ranking/jaccard_weight":0.11289435598348176,"ranking/cosine_weight":0.5194510984237262,"evaluation/ndcg":0.714002092330916,"evaluation/precision":0.6500000000000001,"ranking/overlap_weight":0.2,"_timestamp":1.782919760614162e+09,"evaluation/top_k":5,"evaluation/recall":0.24720899470899474,"ranking/method":"hybrid","system/runtime_sec":98.54090619087219,"_runtime":99,"_step":1}