{"_step":1,"ranking/method":"hybrid","ranking/overlap_weight":0.2,"evaluation/ndcg":0.6036548883461772,"evaluation/precision":0.42333333333333334,"ranking/jaccard_weight":0.3185385278171922,"evaluation/top_k":15,"_wandb":{"runtime":102},"_runtime":102,"ranking/cosine_weight":0.5099639143206727,"evaluation/recall":0.44473941798941796,"system/runtime_sec":102.28768491744995,"_timestamp":1.7829206092616315e+09}