{"evaluation/ndcg":0.6215271863115033,"ranking/jaccard_weight":0.216844192304496,"_step":1,"evaluation/top_k":10,"_runtime":101,"ranking/overlap_weight":0.2,"evaluation/precision":0.49000000000000005,"_wandb":{"runtime":101},"ranking/cosine_weight":0.677597619646352,"system/runtime_sec":101.3454179763794,"evaluation/recall":0.35834126984126985,"_timestamp":1.782915259993777e+09,"ranking/method":"hybrid"}