{"_runtime":105,"ranking/method":"hybrid","_wandb":{"runtime":105},"ranking/overlap_weight":0.2,"evaluation/recall":0.5053201058201058,"_step":1,"ranking/cosine_weight":0.46653474734564815,"evaluation/precision":0.37,"ranking/jaccard_weight":0.2370453054386641,"evaluation/top_k":20,"system/runtime_sec":104.99566698074341,"_timestamp":1.7829145436441782e+09,"evaluation/ndcg":0.597464215838938}