{"_timestamp":1.7829190502566664e+09,"system/runtime_sec":99.67033553123474,"ranking/overlap_weight":0.2,"evaluation/top_k":5,"_runtime":101,"evaluation/precision":0.6500000000000001,"_wandb":{"runtime":101},"evaluation/ndcg":0.714002092330916,"_step":1,"ranking/method":"hybrid","evaluation/recall":0.24720899470899474,"ranking/cosine_weight":0.4117556234011982,"ranking/jaccard_weight":0.21353021980705145}