{"_step":1,"evaluation/precision":0.6100000000000001,"_runtime":107,"evaluation/top_k":5,"_wandb":{"runtime":107},"ranking/method":"cosine_only","system/runtime_sec":107.19113230705261,"evaluation/ndcg":0.6583767057367703,"_timestamp":1.7829148984151335e+09,"evaluation/recall":0.24005423280423283}