{"ranking/method":"hybrid","_step":1,"evaluation/precision":0.6500000000000001,"evaluation/top_k":5,"ranking/jaccard_weight":0.19226320051050483,"ranking/overlap_weight":0.2,"ranking/cosine_weight":0.6468742671824186,"evaluation/ndcg":0.714002092330916,"system/runtime_sec":110.48517084121704,"_runtime":111,"_timestamp":1.7829184761702478e+09,"evaluation/recall":0.24720899470899474,"_wandb":{"runtime":111}}