{"ranking/method":"hybrid","_timestamp":1.7825506263581905e+09,"ranking/jaccard_weight":0.2,"evaluation/ndcg":0.5773723627810121,"_wandb":{"runtime":113},"evaluation/recall":0.3313716931216931,"ranking/overlap_weight":0.2,"ranking/cosine_weight":0.7,"evaluation/precision":0.43499999999999994,"_runtime":113,"evaluation/top_k":10,"system/runtime_sec":113.19682455062866,"_step":1}