{"_runtime":100,"_timestamp":1.7829185878387778e+09,"evaluation/ndcg":0.714002092330916,"ranking/overlap_weight":0.2,"_wandb":{"runtime":100},"ranking/method":"hybrid","evaluation/precision":0.6500000000000001,"_step":1,"ranking/jaccard_weight":0.29654181169625404,"ranking/cosine_weight":0.6666952992265543,"evaluation/recall":0.24720899470899474,"evaluation/top_k":5,"system/runtime_sec":99.87028384208679}