{"_wandb":{"runtime":102},"_runtime":102,"ranking/jaccard_weight":0.16900901482207617,"evaluation/recall":0.24720899470899474,"ranking/method":"hybrid","_timestamp":1.7829198840990806e+09,"_step":1,"evaluation/top_k":5,"system/runtime_sec":101.29160118103027,"ranking/cosine_weight":0.4040119185397804,"evaluation/ndcg":0.714002092330916,"evaluation/precision":0.6500000000000001,"ranking/overlap_weight":0.2}