{"_step":0,"precision":0.43500000000000005,"recall":0.32690740740740737,"ndcg":0.5758707828349806,"_timestamp":1.7823356841376681e+09,"_wandb":{"runtime":110},"_runtime":110}