{"_runtime":104,"evaluation/top_k":15,"_step":1,"system/runtime_sec":103.76943516731262,"evaluation/precision":0.42333333333333334,"_wandb":{"runtime":104},"ranking/method":"hybrid","ranking/cosine_weight":0.6093086008426656,"ranking/jaccard_weight":0.3064192585970853,"evaluation/recall":0.44473941798941796,"ranking/overlap_weight":0.2,"_timestamp":1.782919164941762e+09,"evaluation/ndcg":0.6036548883461772}